ID,Nom,Prénom,Sexe,Date de naissance,Téléphone,Pays,Ville,Numéro Rue,Nom Rue,Email
1,Dubois,Ethan,M,1981-04-17,+47 86583847,Norvège,Trondheim,31,Route de la Plage,ethan.dubois691@example.com
2,Nowak,Chloé,F,2007-10-30,+30 0394685607,Grèce,Thessalonique,33,Rue de la Paix,chloe.nowak346@example.com
3,Durand,Ben,M,2006-08-14,+43 6053700817,Autriche,Vienne,179,Allée des Tilleuls,ben.durand193@example.com
4,Müller,Sophie,F,1981-04-11,+351 745376698,Portugal,Braga,118,Impasse des Lilas,sophie.muller201@example.com
5,Rousseau,Clara,F,1963-06-16,+47 54053951,Norvège,Oslo,183,Avenue Victor Hugo,clara.rousseau160@example.com
6,Nowak,Giulia,F,2004-08-08,+353 442479778,Irlande,Dublin,16,Route de la Plage,giulia.nowak375@example.com
7,Robert,Emma,F,1993-10-18,+39 909618668,Italie,Naples,65,Boulevard du Nord,emma.robert603@example.com
8,Schneider,Valentina,F,1970-02-04,+49 9662026056,Allemagne,Berlin,8,Rue de l'Église,valentina.schneider983@example.com
9,Johansson,Maxime,M,1992-02-11,+45 21402327,Danemark,Copenhague,67,Place de la Gare,maxime.johansson176@example.com
10,Hansen,Lucas,M,2001-09-21,+49 0136637623,Allemagne,Hambourg,137,Allée des Tilleuls,lucas.hansen386@example.com
11,Bernard,Nina,F,1984-06-27,+47 39062971,Norvège,Oslo,184,Boulevard du Nord,nina.bernard537@example.com
12,Durand,Jonas,M,2006-03-17,+49 8585809177,Allemagne,Hambourg,193,Quai du Port,jonas.durand927@example.com
13,Esposito,Thomas,M,2001-12-03,+45 44082877,Danemark,Odense,174,Boulevard du Nord,thomas.esposito829@example.com
14,Bernard,Alex,M,1994-05-13,+39 646478557,Italie,Milan,165,Boulevard du Nord,alex.bernard146@example.com
15,Silva,Nathan,M,1967-11-14,+48 826327173,Pologne,Cracovie,199,Quai du Port,nathan.silva168@example.com
16,Murphy,Valentina,F,1997-12-24,+30 2583714523,Grèce,Athènes,102,Chemin des Érables,valentina.murphy846@example.com
17,Costa,Thomas,M,1963-04-10,+49 2535425787,Allemagne,Berlin,11,Quai du Port,thomas.costa828@example.com
18,Rousseau,Luca,M,1991-05-22,+32 14317249,Belgique,Anvers,196,Rue de la Paix,luca.rousseau991@example.com
19,Fournier,Eva,F,1983-01-13,+31 309632220,Pays-Bas,La Haye,39,Allée des Tilleuls,eva.fournier838@example.com
20,Müller,Liam,M,1990-08-20,+44 3187716221,Royaume-Uni,Manchester,70,Rue de la Paix,liam.muller553@example.com
21,Kowalski,Nathan,M,1963-05-06,+48 952564326,Pologne,Varsovie,61,Rue de la Paix,nathan.kowalski559@example.com
22,Müller,Daniel,M,1995-08-13,+30 0551943893,Grèce,Thessalonique,190,Rue de l'Église,daniel.muller203@example.com
23,Bianchi,Léo,M,1963-02-24,+351 589254905,Portugal,Lisbonne,122,Route de la Plage,leo.bianchi562@example.com
24,Rousseau,Clara,F,1994-10-04,+44 8331778263,Royaume-Uni,Manchester,30,Boulevard du Nord,clara.rousseau54@example.com
25,Brown,Pauline,F,1985-11-12,+351 289223518,Portugal,Porto,44,Boulevard du Nord,pauline.brown244@example.com
26,Martin,Luca,M,2005-05-26,+43 2649457074,Autriche,Linz,46,Boulevard du Nord,luca.martin49@example.com
27,Rousseau,Anna,F,2005-09-23,+47 59755216,Norvège,Trondheim,65,Quai du Port,anna.rousseau569@example.com
28,Silva,Chloé,F,1991-07-31,+33 134906477,France,Paris,50,Allée des Tilleuls,chloe.silva272@example.com
29,Silva,Ben,M,1961-01-05,+41 725956429,Suisse,Zurich,83,Boulevard du Nord,ben.silva21@example.com
30,Müller,Ethan,M,1965-09-30,+47 97486451,Norvège,Oslo,1,Rue de la Paix,ethan.muller340@example.com
31,Garcia,Anna,F,1987-02-17,+353 624943381,Irlande,Cork,200,Rue de l'Église,anna.garcia377@example.com
32,Moreau,Inès,F,1963-03-06,+45 11726710,Danemark,Copenhague,67,Impasse des Lilas,ines.moreau557@example.com
33,Petit,Chloé,F,1996-06-23,+31 767412104,Pays-Bas,Utrecht,76,Chemin des Érables,chloe.petit584@example.com
34,Rousseau,Laura,F,1974-04-04,+47 82687433,Norvège,Oslo,162,Boulevard du Nord,laura.rousseau298@example.com
35,Brown,Ethan,M,2000-06-10,+34 572873292,Espagne,Madrid,199,Allée des Tilleuls,ethan.brown509@example.com
36,Esposito,Léa,F,1980-04-12,+33 019121337,France,Marseille,70,Rue de l'Église,lea.esposito471@example.com
37,Schneider,Milan,M,1962-02-19,+45 03544662,Danemark,Odense,108,Impasse des Lilas,milan.schneider805@example.com
38,Dubois,Valentina,F,1985-04-03,+353 609837395,Irlande,Dublin,46,Place de la Gare,valentina.dubois508@example.com
39,Costa,Inès,F,1965-09-24,+49 0724458694,Allemagne,Hambourg,136,Route de la Plage,ines.costa972@example.com
40,Garcia,Pauline,F,1959-05-22,+34 289558733,Espagne,Madrid,168,Boulevard du Nord,pauline.garcia541@example.com
41,Nielsen,Hugo,M,1972-11-30,+353 240889505,Irlande,Cork,157,Rue de la Paix,hugo.nielsen246@example.com
42,Martin,Jonas,M,1990-10-31,+34 102873905,Espagne,Barcelone,83,Place de la Gare,jonas.martin14@example.com
43,Robert,Oscar,M,1997-05-29,+30 7456485468,Grèce,Patras,117,Impasse des Lilas,oscar.robert415@example.com
44,Robert,Paul,M,1957-07-02,+31 175816481,Pays-Bas,Utrecht,7,Rue de l'Église,paul.robert76@example.com
45,Bernard,Hugo,M,2006-01-01,+44 5458258851,Royaume-Uni,Londres,90,Quai du Port,hugo.bernard991@example.com
46,Garcia,Milan,M,1985-12-22,+31 931231846,Pays-Bas,La Haye,90,Rue de l'Église,milan.garcia391@example.com
47,Moreau,Daniel,M,1982-12-07,+353 026337153,Irlande,Galway,184,Allée des Tilleuls,daniel.moreau68@example.com
48,Bianchi,Clara,F,1989-12-02,+43 7471492777,Autriche,Linz,154,Avenue Victor Hugo,clara.bianchi299@example.com
49,Weber,Mia,F,1993-04-16,+32 63892970,Belgique,Bruxelles,3,Place de la Gare,mia.weber242@example.com
50,Rousseau,Noah,M,2001-02-02,+49 9135790688,Allemagne,Munich,13,Avenue Victor Hugo,noah.rousseau140@example.com
51,Esposito,Valentina,F,1989-05-27,+48 923182583,Pologne,Varsovie,127,Place de la Gare,valentina.esposito402@example.com
52,Robert,Emma,F,1959-02-08,+34 259740413,Espagne,Barcelone,150,Boulevard du Nord,emma.robert729@example.com
53,Fernandez,Giulia,F,2006-09-10,+353 586053730,Irlande,Galway,27,Boulevard du Nord,giulia.fernandez258@example.com
54,Dubois,Alex,M,1997-03-17,+43 8108389786,Autriche,Vienne,172,Boulevard du Nord,alex.dubois256@example.com
55,Bianchi,Ethan,M,1995-04-26,+39 333188375,Italie,Turin,157,Place de la Gare,ethan.bianchi226@example.com
56,Rousseau,Noah,M,1985-12-04,+43 7704861814,Autriche,Vienne,73,Impasse des Lilas,noah.rousseau964@example.com
57,Esposito,Hugo,M,1999-11-30,+46 889519522,Suède,Stockholm,106,Rue de la Paix,hugo.esposito994@example.com
58,Robert,Pauline,F,2006-01-27,+34 283694837,Espagne,Madrid,112,Impasse des Lilas,pauline.robert298@example.com
59,Robert,Daniel,M,2004-03-02,+46 920330422,Suède,Malmö,148,Rue de la Paix,daniel.robert539@example.com
60,Bianchi,Léo,M,1961-03-13,+46 274508309,Suède,Göteborg,146,Place de la Gare,leo.bianchi959@example.com
61,Esposito,Mateo,M,1976-10-01,+43 5107719998,Autriche,Linz,70,Rue de la Paix,mateo.esposito262@example.com
62,Robert,Elisa,F,1969-03-04,+32 18791962,Belgique,Bruxelles,152,Route de la Plage,elisa.robert228@example.com
63,Johansson,Nina,F,1977-02-08,+43 0190493604,Autriche,Vienne,69,Chemin des Érables,nina.johansson13@example.com
64,Silva,Inès,F,1988-06-02,+33 467150615,France,Toulouse,51,Quai du Port,ines.silva527@example.com
65,Bernard,Alice,F,1962-10-19,+33 227438918,France,Lyon,179,Place de la Gare,alice.bernard308@example.com
66,Schneider,Camille,F,1966-07-29,+48 217375690,Pologne,Varsovie,120,Chemin des Érables,camille.schneider219@example.com
67,Martin,Nathan,M,1974-01-15,+39 603808658,Italie,Naples,91,Impasse des Lilas,nathan.martin959@example.com
68,Fernandez,Emma,F,1981-12-17,+46 665164297,Suède,Stockholm,85,Place de la Gare,emma.fernandez574@example.com
69,Petit,Mateo,M,1988-08-16,+41 358835949,Suisse,Berne,55,Boulevard du Nord,mateo.petit56@example.com
70,Murphy,Nina,F,2006-01-02,+47 44963574,Norvège,Bergen,160,Route de la Plage,nina.murphy705@example.com
71,Martin,Chloé,F,2004-02-10,+47 47813293,Norvège,Oslo,195,Avenue Victor Hugo,chloe.martin722@example.com
72,Martin,Eva,F,1995-09-07,+31 001320949,Pays-Bas,Amsterdam,4,Avenue Victor Hugo,eva.martin832@example.com
73,Silva,Inès,F,1974-10-07,+41 421965631,Suisse,Zurich,77,Place de la Gare,ines.silva688@example.com
74,Esposito,Paul,M,1961-06-29,+47 50779089,Norvège,Trondheim,97,Rue de l'Église,paul.esposito199@example.com
75,Robert,Alice,F,1998-05-14,+31 221577802,Pays-Bas,Amsterdam,119,Chemin des Érables,alice.robert907@example.com
76,Fournier,Hugo,M,1969-10-18,+47 88859388,Norvège,Bergen,21,Allée des Tilleuls,hugo.fournier992@example.com
77,Fournier,Chloé,F,1965-11-25,+353 883628443,Irlande,Galway,180,Rue de l'Église,chloe.fournier568@example.com
78,Rossi,Mia,F,1973-04-07,+34 800025431,Espagne,Séville,38,Quai du Port,mia.rossi389@example.com
79,Novak,Inès,F,1997-11-12,+41 976559779,Suisse,Berne,41,Rue de l'Église,ines.novak160@example.com
80,Johansson,Elisa,F,1994-11-16,+47 95493894,Norvège,Oslo,120,Rue de l'Église,elisa.johansson82@example.com
81,Fournier,Paul,M,2002-01-27,+358 500442190,Finlande,Tampere,132,Rue de la Paix,paul.fournier615@example.com
82,Hansen,Camille,F,2006-10-09,+353 872076107,Irlande,Galway,81,Impasse des Lilas,camille.hansen158@example.com
83,Murphy,Mateo,M,1958-12-05,+47 39668388,Norvège,Trondheim,88,Allée des Tilleuls,mateo.murphy770@example.com
84,Durand,Thomas,M,1991-02-23,+44 8502393390,Royaume-Uni,Birmingham,98,Route de la Plage,thomas.durand224@example.com
85,Durand,Sophie,F,1990-04-19,+34 012707850,Espagne,Séville,146,Boulevard du Nord,sophie.durand537@example.com
86,Schneider,Noah,M,2000-07-30,+33 383003777,France,Marseille,64,Avenue Victor Hugo,noah.schneider998@example.com
87,Novak,Zoé,F,1970-02-20,+41 040964892,Suisse,Lausanne,58,Quai du Port,zoe.novak964@example.com
88,O'Connor,Zoé,F,1976-08-25,+31 166132000,Pays-Bas,Rotterdam,89,Boulevard du Nord,zoe.o'connor497@example.com
89,Rossi,Valentina,F,1972-08-03,+44 8154676973,Royaume-Uni,Manchester,73,Impasse des Lilas,valentina.rossi172@example.com
90,Müller,Nathan,M,1979-04-27,+49 5070148603,Allemagne,Berlin,187,Chemin des Érables,nathan.muller369@example.com
91,Durand,Alice,F,2002-12-30,+32 16086322,Belgique,Anvers,102,Rue de l'Église,alice.durand207@example.com
92,Rossi,Julie,F,1961-09-29,+351 683592005,Portugal,Lisbonne,150,Boulevard du Nord,julie.rossi831@example.com
93,Novak,Inès,F,1967-10-28,+30 8751264589,Grèce,Thessalonique,21,Impasse des Lilas,ines.novak174@example.com
94,Martin,Jonas,M,1966-10-18,+353 523714769,Irlande,Cork,74,Rue de la Paix,jonas.martin411@example.com
95,Schneider,Chloé,F,1971-02-03,+45 80012870,Danemark,Copenhague,161,Allée des Tilleuls,chloe.schneider830@example.com
96,Petit,Paul,M,1969-12-02,+31 183527212,Pays-Bas,Rotterdam,3,Boulevard du Nord,paul.petit12@example.com
97,Rossi,Giulia,F,1964-09-01,+32 63046361,Belgique,Liège,103,Route de la Plage,giulia.rossi608@example.com
98,Johansson,Daniel,M,1959-04-08,+44 7671338153,Royaume-Uni,Londres,198,Chemin des Érables,daniel.johansson161@example.com
99,Dubois,Ben,M,1984-06-03,+49 7252424496,Allemagne,Munich,12,Boulevard du Nord,ben.dubois864@example.com
100,Rossi,Liam,M,2006-08-02,+33 322823390,France,Marseille,68,Quai du Port,liam.rossi547@example.com
